lambda,PC1.csv,PC2.csv,PC3.csv,PC4.csv
400,0.03868455204656277,0.036200750599368774,0.049824225265472366,0.08352764012083456
404,0.03868455204656277,0.036200750599368774,0.049824225265472366,0.08352764012083456
408,0.03868455204656277,0.036200750599368774,0.049824225265472366,0.08352764012083456
412,0.03868455204656277,0.036200750599368774,0.049824225265472366,0.08352764012083456
416,0.03868455204656277,0.036200750599368774,0.049824225265472366,0.08352764012083456
420,0.03868455204656277,0.036200750599368774,0.049824225265472366,0.08352764012083456
424,0.03868455204656277,0.036200750599368774,0.049824225265472366,0.08352764012083456
428,0.03868455204656277,0.036200750599368774,0.049824225265472366,0.08352764012083456
432,0.03868455204656277,0.036200750599368774,0.049824225265472366,0.08352764012083456
436,0.03868455204656277,0.036200750599368774,0.049824225265472366,0.08352764012083456
440,0.03868455204656277,0.036200750599368774,0.049824225265472366,0.08352764012083456
444,0.03868455204656277,0.036200750599368774,0.049824225265472366,0.08352764012083456
448,0.03868455204656277,0.036200750599368774,0.049824225265472366,0.08352764012083456
452,0.03868455204656277,0.036200750599368774,0.049824225265472366,0.08352764012083456
456,0.03868455204656277,0.036200750599368774,0.049824225265472366,0.08352764012083456
460,0.03868455204656277,0.036200750599368774,0.049824225265472366,0.08352764012083456
464,0.03868455204656277,0.036200750599368774,0.049824225265472366,0.08352764012083456
468,0.03868455204656277,0.036200750599368774,0.049824225265472366,0.08352764012083456
472,0.03868455204656277,0.036200750599368774,0.049824225265472366,0.08352764012083456
476,0.03868455204656277,0.036200750599368774,0.049824225265472366,0.08352764012083456
480,0.03868455204656277,0.036200750599368774,0.049824225265472366,0.08352764012083456
484,0.03868455204656277,0.036200750599368774,0.049824225265472366,0.08352764012083456
488,0.03868455204656277,0.036200750599368774,0.049824225265472366,0.08352764012083456
492,0.03868455204656277,0.036200750599368774,0.049824225265472366,0.08352764012083456
496,0.03868455204656277,0.036200750599368774,0.049824225265472366,0.08352764012083456
500,0.03868455204656277,0.036200750599368774,0.049824225265472366,0.08352764012083456
504,0.03868455204656277,0.036200750599368774,0.049824225265472366,0.08352764012083456
508,0.03868455204656277,0.036200750599368774,0.049824225265472366,0.08352764012083456
512,0.03868455204656277,0.036200750599368774,0.049824225265472366,0.08352764012083456
516,0.03868455204656277,0.036200750599368774,0.049824225265472366,0.08352764012083456
520,0.03868455204656277,0.036200750599368774,0.049824225265472366,0.08352764012083456
524,0.03868455204656277,0.036200750599368774,0.049824225265472366,0.08352764012083456
528,0.03868455204656277,0.036200750599368774,0.049824225265472366,0.08352764012083456
532,0.03868455204656277,0.036200750599368774,0.049824225265472366,0.08352764012083456
536,0.03868455204656277,0.036200750599368774,0.049824225265472366,0.08352764012083456
540,0.03868455204656277,0.036200750599368774,0.049824225265472366,0.08352764012083456
544,0.03868455204656277,0.036200750599368774,0.049824225265472366,0.08352764012083456
548,0.03868455204656277,0.036200750599368774,0.049824225265472366,0.08352764012083456
552,0.03868455204656277,0.036200750599368774,0.049824225265472366,0.08352764012083456
556,0.03868455204656277,0.036200750599368774,0.049824225265472366,0.08352764012083456
560,0.010502112851550468,0.009580023442868867,0.013683402157221582,0.022722331921174524
564,0.0,0.0,0.0,0.0
568,0.005135352682329557,0.005547231179050246,0.006150865599381085,0.011462086794790832
572,0.023763859076778724,0.023729283594896577,0.029686984872870192,0.05284607663268899
576,0.053749098063423054,0.05220272437900126,0.06807448513364675,0.11944171470754776
580,0.0929611343579875,0.08875272057576489,0.11870563405343944,0.206199754384855
584,0.13927535461508692,0.13127393025894044,0.17890946833649476,0.30783345804215834
588,0.19068758517289236,0.17785321520789607,0.24614576169020538,0.42043605680254714
592,0.24490655950659018,0.22637513836399825,0.3173878776260133,0.5360834382885147
596,0.2998206043660222,0.2749857431538682,0.38982189922337873,0.6493523447069666
600,0.3533211129011543,0.32187055909309253,0.4606139253019086,0.7549491060606113
604,0.40330270609716273,0.3652425973629712,0.5269186625063346,0.8477712854336427
608,0.4476636351789472,0.40333163810732525,0.5858876471025836,0.9229620778129259
612,0.48416996260340894,0.4345242380139431,0.6347743190900993,0.9754909840274637
616,0.5111695304605544,0.4571707383096174,0.6701306462954485,1.0
620,0.5264468640161774,0.4692775655455244,0.6898746663653054,0.992916793384931
624,0.5277348765338001,0.468794210947141,0.6913214439626141,0.9529731144386838
628,0.5127971542696994,0.45370811606426775,0.671613590328381,0.8788201645598491
632,0.4794976446504632,0.42213575929734615,0.6280386878199332,0.7687885950439597
636,0.4734063969934996,0.4170110394556412,0.6187291848114029,0.7254071672937803
640,0.46631618823677257,0.41137800176949396,0.6085734178274624,0.6903338803436342
644,0.4585304031421891,0.4048847446826881,0.5982920282846095,0.6657766880169369
648,0.4497921595222692,0.39707627787462163,0.5867974342281814,0.6516773536048373
652,0.4403116448161636,0.3880043465011082,0.573857944505855,0.6464352418753073
656,0.43036252565011823,0.37788625262520903,0.5599022043100357,0.6493678894594859
660,0.41991997470245496,0.36667228322729245,0.5451159874498971,0.6600331828906012
664,0.4088864755850555,0.3543470082644899,0.5290520494207158,0.6749427285798287
668,0.39763086203259507,0.34128280219378115,0.5117464330709527,0.6930871491899182
672,0.38626333159211973,0.32758624606982856,0.4934498690875875,0.7107603292503928
676,0.3749525201498817,0.3133713897836083,0.47435880066320935,0.7247399644986305
680,0.363731062993129,0.298874503876278,0.4544657182641737,0.7334821955153382
684,0.35255111588598426,0.28427115605761444,0.43423478246355673,0.7363450587110217
688,0.3414626174495179,0.26951145992665615,0.4136150430997715,0.7331840729898706
692,0.32989021251736866,0.2545097186747421,0.3935323115440896,0.7257304877218927
696,0.3179166912250202,0.2395940385222417,0.3741956294727216,0.7170338298023712
700,0.3049083091792105,0.22431356801898178,0.35463764736769304,0.7049264084744304
704,0.2910235549274836,0.20886669327837806,0.33491435464649766,0.6882418067800683
708,0.2763491162459611,0.19316970395370878,0.31506949643940185,0.6686614284399409
712,0.26124935106903696,0.17772228403738696,0.2962271844933398,0.6472194214252835
716,0.24600143039478273,0.1625669522304649,0.27793703720859525,0.6259789501369594
720,0.23044222005139867,0.1474764742182788,0.25941287464375923,0.6055469885305679
724,0.21512944074707452,0.13292624416772222,0.2414092920267329,0.5862736625273821
728,0.20035386170634234,0.11912951114531142,0.22441415283836888,0.569229192592749
732,0.18628379099895215,0.10618120216864635,0.2083838187802746,0.554400497410731
736,0.1733537917177321,0.09441369620178611,0.19312077714939316,0.5403698889419911
740,0.1619644033975785,0.08402306884982955,0.17867511212894036,0.5244590538903136
744,0.15220938758364913,0.0750560467098493,0.16511530018423168,0.504212960432627
748,0.14414281315834374,0.06756411895485567,0.15240139904778469,0.4798856987396897
752,0.13763795056620734,0.061529537755797,0.14073332144948147,0.455043775135985
756,0.13236790448369984,0.056982018818677295,0.13005919800811214,0.42832763640703575
760,0.12816052840214048,0.05397550292281447,0.12006969875306675,0.39852644081293653
764,0.12490677336743919,0.052572507409857624,0.11063567752755686,0.36431174505966296
768,0.12239996322834887,0.05256007353041608,0.10169425916535442,0.3256762022526727
772,0.11983888690569335,0.05304609683292829,0.09243677316815133,0.2818629548900245
776,0.11733499612212514,0.053964229189317654,0.08370422076991314,0.23615930326374968
780,0.11460235265469818,0.054827305851615236,0.0757727784792531,0.19238959243784667
784,0.11138743550098575,0.05528867320584939,0.06899169187934336,0.15301516395479214
788,0.10758459091596624,0.05509856836558712,0.06340808797163576,0.12003363075900551
792,0.10320217083620448,0.054140030923290984,0.059256688496722255,0.09467876595117014
796,0.09837724148287492,0.052473609575154366,0.05646248397680051,0.07676580068397836
800,0.0932824033327319,0.05021886491652537,0.0549399959689064,0.06545514307178422
804,0.08822092956514513,0.047667130097937535,0.054500425564633644,0.05929554774786501
808,0.0832181053452847,0.04495440704154131,0.05491391711429443,0.05723703509388056
812,0.07842478489209817,0.04220370992740629,0.05586735832895217,0.05816744601720621
816,0.07391846167633354,0.03949549858276234,0.05708703939565809,0.06125464335893609
820,0.06974700929935329,0.03685383748412111,0.05847317507107883,0.06653703133205482
824,0.06593102957342163,0.03434565514441021,0.059877457751177414,0.07368758022034337
828,0.06241115595598593,0.032189900071920186,0.06091955267162063,0.07875783363949734
832,0.05925598153726295,0.030471310761174077,0.06178313268387579,0.08151607902593373
836,0.0563211520324111,0.029274127190786762,0.06266718127966737,0.08199912973998678
840,0.05344150536542235,0.02857833865501683,0.06403397667881815,0.08179294695402954
844,0.05047891559045261,0.028302762517570013,0.06655558721570198,0.08242916283429796
848,0.047428532118724276,0.028433115971912636,0.07087703171961754,0.08432847848505344
852,0.044388929591851395,0.029005064761565193,0.07753219812298903,0.08710398284434687
856,0.04148852482707448,0.03004095224258686,0.08714606058259518,0.09044853642986869
860,0.03881213628628341,0.03153620380409876,0.09893119560030636,0.09406172464106294
864,0.03671351766010038,0.03360439920982147,0.11563473777647462,0.09799487293182035
868,0.03535628911095494,0.03622064644483106,0.13748180349126227,0.10212339200237001
872,0.0348449395276086,0.03931106936823384,0.1644513217748264,0.10611379583338845
876,0.03523354292606336,0.042767674825609434,0.1963063630381487,0.10966441111527368
880,0.03636753366255952,0.04630588680364775,0.23262526710673873,0.1131690929785902
884,0.03824360617100683,0.04963377633874703,0.27257012948714116,0.11654894205068154
888,0.040684636545934294,0.05248576347922947,0.3151853908840577,0.11960154944204256
892,0.043490463497746705,0.054712729939005694,0.35942333872354015,0.1219912061645399
896,0.046414868569101826,0.056285348231882665,0.4042714625744281,0.12327207482263904
900,0.04923385560253902,0.05720793608476948,0.4488520149701234,0.1232219250997975
904,0.05171191428774456,0.05735618779780496,0.4922422768439753,0.12193177142772461
908,0.0536669294059811,0.056595270061344974,0.5334953631413204,0.1195955286982895
912,0.05501732572511431,0.05433790726396933,0.5714013724621335,0.11647202515037171
916,0.05558084286673129,0.05163691666752589,0.6057818906697657,0.11253452381314512
920,0.05536309532531499,0.048999412507397505,0.6362212073346827,0.10795373691970503
924,0.05441764487143757,0.04714022957691986,0.6627322255698622,0.10293907047309017
928,0.05283844707887803,0.046873149583188334,0.6854398531108096,0.09791025666720801
932,0.05076705171717664,0.049019641124944766,0.7045490888491793,0.09327565533350604
936,0.04854544653288266,0.054349354402041486,0.7226422400564196,0.08954454718127615
940,0.0462263733847157,0.06342665417258894,0.738745182164403,0.08682100958926348
944,0.04394395788203204,0.07677889279436009,0.7533727168552609,0.08530319067952892
948,0.04181663243906742,0.09479029714315514,0.7669920453445608,0.08520407477328677
952,0.03994485601889675,0.11769141545199298,0.7798640360740857,0.08630617452246073
956,0.03835991434873591,0.145664925707824,0.7919984383433902,0.08822908826285365
960,0.03710119853800238,0.179040854008606,0.8035601486137371,0.09042094224305944
964,0.03615405013195165,0.21818286185742714,0.814950131890117,0.09283568704199965
968,0.03545667550471566,0.26168364974993474,0.8266792479941942,0.09515518663906142
972,0.034906580955357196,0.3110871200265267,0.8383321840814557,0.10006903473779763
976,0.03447124811452678,0.36479942559638207,0.8492775779965822,0.10820128900572565
980,0.03411574806257697,0.4212561767084829,0.8586928694910955,0.11974487415211811
984,0.03381156046777921,0.479288667822279,0.8661711319926808,0.13465690878729347
988,0.03343654207512804,0.53900390348746,0.8721754371479801,0.1526877863733608
992,0.03304035568036191,0.5991829080776125,0.8763978445324297,0.17389885615977682
996,0.03262964966425592,0.6588585465979594,0.878863579993637,0.19793532921874782
1000,0.03226947082290928,0.7170014656241434,0.8793966318737044,0.2238165158657409
1004,0.03202301174851454,0.7725961810207791,0.8778371356035352,0.2505259418659374
1008,0.03196818542305386,0.8245631585260637,0.8742093513488755,0.2770655030202759
1012,0.03216148566270975,0.8717484533389182,0.868573120616137,0.3026325719417919
1016,0.03263044839125257,0.9129729414940835,0.8610402912265491,0.32674925521201564
1020,0.033296025355440795,0.9484793696261304,0.8525639387521228,0.34919194205835585
1024,0.03438359486025461,0.9752055689065103,0.8407384300660411,0.36795732251986996
1028,0.03591835619295232,0.9924622123400869,0.825296167175015,0.38184493034884354
1032,0.03791492332236499,1.0,0.8063905607317944,0.39006596597041837
1036,0.04028724100869819,0.9978788949849486,0.7844030103839086,0.3928245785124954
1040,0.042975704363699324,0.9862510478276332,0.7595151289698742,0.3907325508125035
1044,0.04591760523438914,0.9677373132720173,0.7313287744766674,0.3854242480220988
1048,0.04911193903408098,0.9416843158170171,0.7000931906396679,0.37582222289257156
1052,0.05248612033726429,0.9096791407955995,0.6664257714339555,0.362290892651319
1056,0.05594383267761973,0.8736474202545778,0.6314203587583329,0.3459554631961477
1060,0.059340440638388926,0.8351504545940497,0.5958395406802987,0.3282885954268347
1064,0.06259409692155121,0.7952008117391639,0.5600198501178156,0.3103828893386276
1068,0.06569321789388732,0.754633038988812,0.5240536607031592,0.29264118524304406
1072,0.06867041981028058,0.714540324736813,0.48804430940379806,0.2749774820137528
1076,0.07151180329935375,0.6764495552495904,0.45272635045799936,0.25803328698106687
1080,0.07415775023368804,0.6408838695024901,0.4176608066411946,0.24215990854372715
1084,0.07651088931206036,0.6085247303380937,0.38343156997192274,0.2282033964565498
1088,0.07849196653794434,0.5798701871989281,0.3507416663001085,0.2163649044019563
1092,0.08012500751218564,0.5553145459524341,0.32007935492010164,0.20555642700333743
1096,0.08159588846686036,0.5326102361660429,0.28986900894363293,0.19441544269100294
1100,0.08272572832165001,0.512519807782473,0.26173840376801966,0.18364280592275986
1104,0.08345950078726617,0.49450518286978395,0.23589824660827996,0.1736578076729237
1108,0.08371932813904323,0.4780407792680299,0.2125085910509978,0.16489377831262725
1112,0.0834832824270945,0.46257913204641243,0.19157383412845574,0.15746585456347933
1116,0.0827656868248434,0.4475647011674336,0.17302103783922348,0.151031639522185
1120,0.08158615255465551,0.43253617392365673,0.1569276313723337,0.14563318769922676
1124,0.07994347526069435,0.4171225899872247,0.14344817908492258,0.14165390402678982
1128,0.07791723675151348,0.4012624506439925,0.1324679315963981,0.13968592141675618
1132,0.07542186691932237,0.383492932590804,0.12363200942291114,0.14047974606900435
1136,0.07257790303366421,0.36357758369683746,0.1163853364574093,0.14402852011236927
1140,0.06951620298143285,0.34162476702367905,0.11020901140180947,0.14993248950584906
1144,0.0663622653304708,0.3180758160262431,0.10480694054855706,0.15741077381738483
1148,0.06319518235790682,0.2935426811619649,0.10000755558160361,0.16576730683554794
1152,0.06005071439373908,0.26811661084725774,0.09501873609904832,0.17410102831004845
1156,0.05699097660817348,0.24263123420539698,0.09046675850108726,0.18169938020574905
1160,0.05412785039862927,0.2177887249617866,0.08635689493025006,0.18658268705505213
1164,0.05157905544436373,0.1942812336427634,0.08246102018176842,0.18666879851877288
1168,0.04939407076606415,0.172322865694853,0.07850236052590501,0.18242120206788906
1172,0.04752811663109088,0.15177899986054827,0.0742330890542809,0.1760625447854594
1176,0.04591411295893626,0.13250157215916653,0.06947015650724135,0.16982240769871726
1180,0.04447578847053939,0.11451163261150807,0.06431783507435598,0.16554809582614077
1184,0.043204014716549624,0.09781805114024192,0.05893432780101682,0.16297070488655516
1188,0.04209004888312093,0.0829521892678068,0.05364009185109342,0.16517397023660133
1192,0.04108389065065241,0.07003537074736922,0.04873405656195612,0.17346073159669864
1196,0.040166722473471965,0.05932618352370641,0.04443170744259674,0.18861755231867214
1200,0.03934762037362596,0.05113465371271077,0.04092661060310022,0.21093940895836688
1204,0.03855408347073716,0.045031452641927816,0.038523388830930136,0.24033403310104856
1208,0.03794841898565015,0.04187222902366713,0.03735565231067287,0.27553713454456463
1212,0.037621701694509985,0.04168600065443005,0.03740976613019027,0.31478954989719893
1216,0.03762062211752184,0.044359128697423165,0.03856158738848032,0.3561484955854704
1220,0.038005104088141825,0.04969508963434143,0.04055117781871127,0.3975395550331028
1224,0.03883998485816176,0.057383290762815814,0.04299793129946552,0.43640735889558174
1228,0.040166078057950444,0.06704050002184421,0.045419819846346736,0.469997556105301
1232,0.04201122531090976,0.07826977973577783,0.04735460476337272,0.4956914200048273
1236,0.04434524513077084,0.09028621098864177,0.04842637949594552,0.5130583587715192
1240,0.047202086491475566,0.10237292920728891,0.048701260786174025,0.5192705739891208
1244,0.050402122278816866,0.11398904847472505,0.04839072733558307,0.5149766002902723
1248,0.053744631819063006,0.12488171443845121,0.04783215121499545,0.5004610918463219
1252,0.05706955192070642,0.13501736583867555,0.04733731001396861,0.47561142012664614
1256,0.06022947176495724,0.14427017292410874,0.04708022089424715,0.440870153358504
1260,0.0631210860648184,0.15255949421021905,0.047430365047716305,0.40113210457791576
1264,0.06558648859695221,0.15920124545163974,0.04841498292728779,0.3589737535845565
1268,0.06749499702006607,0.1639791107085355,0.050029939830750325,0.31719170199706176
1272,0.06878412657307209,0.16682679104275178,0.05231947781665088,0.27768549865958475
1276,0.06946923444583027,0.16781244900544348,0.05534062180777581,0.24168929528474276
1280,0.06957641377207287,0.16705311228335432,0.05908447420442678,0.21006030576990434
1284,0.069142500078834,0.1648196628952549,0.06363231662991525,0.18363381131821022
1288,0.06820073149228999,0.16144166937932286,0.06882739225992232,0.16311193844948718
1292,0.06686497747243692,0.1571971993841029,0.07446702468273599,0.1489150669376154
1296,0.06517361873755023,0.1527939636182734,0.08045744842038452,0.14004849231960617
1300,0.06323659522909972,0.1486507308558244,0.08659579011462645,0.13600533981936602
1304,0.06116817859899007,0.1449319511519724,0.092452349491408,0.1357331018981405
1308,0.05906321650688566,0.14162402327204726,0.09774595061000363,0.13772213066799913
1312,0.05699055298417644,0.13892251131051753,0.10223991357398356,0.1378240770604815
1316,0.05496882040432382,0.1368841969962359,0.10569873048285511,0.13610859190118382
1320,0.053040469861462165,0.13541020757010933,0.10798623667842694,0.1316993603962229
1324,0.051211318409017464,0.1342370541839134,0.1089472541429022,0.1245379104354574
1328,0.04949579461489228,0.13295926532722052,0.10859459057593503,0.11557120404039561
1332,0.04790186667626804,0.1311815960893182,0.10711430697659495,0.10670961932390298
1336,0.04632553877210821,0.12866715018114522,0.10460953502285396,0.09934969113318277
1340,0.04481152013570408,0.125386657899849,0.1012996691807448,0.09382138542428636
1344,0.0433620490233908,0.12122449177283075,0.09742092684297497,0.08992317331920104
1348,0.04217417198209683,0.1159704355171594,0.09322442651232904,0.08754952884885198
1352,0.04132579611465466,0.10978058396762357,0.08910602017099224,0.08668917294129706
1356,0.0408620119744114,0.10323585289680083,0.08540975606039307,0.08735696871932581
1360,0.0407815904230591,0.09690141152655782,0.0821304610455662,0.089395306174846
1364,0.04111035616219208,0.09126564131982602,0.07947533612446699,0.09247408094619587
1368,0.04177783944259646,0.08696932479737882,0.07761723258713188,0.09574809511366567
1372,0.04279564716754885,0.08393999961173293,0.0764314705950435,0.09903119443980914
1376,0.044097204786063625,0.08230473013997876,0.0757474603951078,0.101739466078931
1380,0.045575380217519855,0.08211305862862178,0.07544865913270317,0.10389240506994658
1384,0.047155840014265656,0.08303707881297463,0.07524777674032487,0.10540793707984303
1388,0.04876226277451476,0.08481004132997771,0.07520571610420272,0.10604967108924981
1392,0.05023008829830434,0.0871536986689322,0.0751714208308846,0.10546079475173524
1396,0.05146431693403701,0.08971064148391139,0.07498797371788284,0.10360857663537111
1400,0.05231398398135352,0.09220261297342673,0.07443195463351934,0.10019971309727144
1404,0.05237893411353508,0.09444410102329318,0.0730760957245314,0.09600332588853724
1408,0.05171308804547457,0.09630644596675172,0.07123640793912313,0.09203552883416714
1412,0.050462708947707116,0.09763927496243237,0.06901232741642138,0.0886631500933047
1416,0.04880624854150561,0.09831577476921062,0.06619377930502708,0.08463387331249661
1420,0.047068157890034254,0.0982504145843318,0.06298454819198292,0.07978146595359327
1424,0.04516824533603552,0.09755726356435448,0.05969679852455516,0.07526593961394457
1428,0.04343032766196631,0.09643252247468996,0.056539057393982704,0.0728840745725081
1432,0.04199616423058331,0.09475835776810865,0.05375765540547978,0.0738883053702676
1436,0.040999567125765635,0.09240100086923059,0.05159839686574242,0.07916574558615885
1440,0.040572249168144975,0.0894704399585222,0.05020212580608771,0.08933199193461779
1444,0.04092966684920783,0.08635014777462324,0.04967161904079885,0.10457803247957212
1448,0.04218091514545343,0.08378857967879393,0.050147084948157526,0.12484711565961706
1452,0.04414629690807694,0.08211958914163857,0.051382723989628565,0.14969574860634824
1456,0.047052059321329526,0.0817058334158469,0.05301665665624242,0.17821365912751655
1460,0.05100573117802968,0.08270709762231115,0.05519343436625369,0.20883820579118023
1464,0.055985119581278726,0.08512320066766355,0.05789855406951497,0.24003729193668816
1468,0.06175854341678464,0.08881328410095317,0.06063969829905677,0.2703297855828407
1472,0.06793117403310088,0.09373183127076393,0.06281381032856859,0.2987921687716321
1476,0.07415901409245625,0.09938682237631795,0.06414975305347748,0.3246350714498736
1480,0.08071484722598195,0.10550717616747143,0.06542472437754399,0.34617671006159545
1484,0.08730585277215326,0.11175712233440849,0.06625583154172267,0.3607934551559225
1488,0.09384398343158895,0.11785150025671513,0.06639261651762586,0.36667260388169076
1492,0.10000564690097617,0.12317753299276141,0.06604283979549228,0.3648368697843195
1496,0.10557758576592778,0.12712251732635482,0.06533943068399671,0.3568291414493802
1500,0.11073054682833619,0.12925654172128867,0.06459197297899219,0.3437245907583884
1504,0.11538372892327238,0.12921512147857517,0.06410358364090206,0.32576593375392066
1508,0.11947449383982364,0.12731253145765037,0.06336606529151889,0.3016570349747509
1512,0.12320425975697652,0.123150077035065,0.06320459978475622,0.2724375794034568
1516,0.12650194277087348,0.11702435468517533,0.0639005219704078,0.24075963012129878
1520,0.12943669293702742,0.10938174241042074,0.06556817530905,0.20862552606391618
1524,0.13201436475470768,0.10053046632013914,0.0681347912012748,0.17773372911494445
1528,0.1345189858662355,0.09095408318225233,0.07176128440995411,0.14990950744077194
1532,0.13705279281437704,0.08098372589189703,0.07669808987580976,0.12677927454020502
1536,0.13966893932885444,0.07122852083478086,0.0829770852097769,0.10965642655924147
1540,0.1422205442786093,0.06221710963726595,0.09011247536922756,0.09910790799831762
1544,0.14474235170009453,0.05434655043769422,0.0979434136651404,0.09569992797439301
1548,0.14740486556900553,0.04776132394462711,0.1065039936263423,0.09905593428359658
1552,0.1502993777746342,0.0429549228815377,0.11551606181740401,0.10855525988236761
1556,0.15360531797289678,0.04026653676863644,0.12478979287074732,0.1237029130580491
1560,0.15679914536543552,0.0395376164472264,0.1335692984268784,0.14381348297793917
1564,0.16083493864167317,0.04135923757190604,0.1418442571576125,0.16808457074524027
1568,0.1662050833632404,0.045741520698250396,0.1499092615414084,0.19486940689043605
1572,0.17351227241585238,0.052580097525425466,0.15856972191350102,0.22233750769553898
1576,0.18302326188991835,0.06167622842929406,0.1677906076557892,0.24812488777956837
1580,0.1947637866667101,0.07263467148715129,0.17708092740525985,0.26987306492076585
1584,0.20896696939768675,0.08438515285706116,0.1875551359955014,0.2883456647162429
1588,0.22544905294139475,0.09683281695310206,0.19891582713744496,0.3038680521470132
1592,0.24436431634436587,0.10978629277150373,0.21164429095894335,0.31579587104550716
1596,0.2653268683303641,0.12295402035386932,0.22567297406178422,0.3235606684125886
1600,0.2878584671438862,0.1362061814596582,0.24080819265476494,0.3267371405655802
1604,0.3116469667238719,0.1495171520980875,0.2572195347593082,0.3259600694978532
1608,0.3361727157519901,0.1627523326932447,0.2750575844674161,0.32179816773378916
1612,0.36061968316939447,0.17568451113220154,0.2936448183691656,0.31385424098521064
1616,0.38449621169354753,0.18810798057363193,0.3123699557018508,0.30254791719352436
1620,0.40668223394991515,0.19956219288578708,0.33106882390526304,0.2896810902692081
1624,0.42631479034029607,0.20968326140811558,0.349072486414346,0.2764553008077188
1628,0.442793841164267,0.21821633051758027,0.36596552317975384,0.26384484137813835
1632,0.4551795783231414,0.22487080591467423,0.3805006084903644,0.25223375495164263
1636,0.46414589826522956,0.23011006041803458,0.3926795038176532,0.2423075631264975
1640,0.46905353929273236,0.23346022392515503,0.4023030259906385,0.2343069757386004
1644,0.4696444850058113,0.23476107058506493,0.40873963385564754,0.2282080079627382
1648,0.465581055339322,0.23390835428766538,0.41076518033927684,0.22358273890797722
1652,0.456989583249048,0.23085573803236709,0.40827237860894877,0.2202045490591269
1656,0.44424218848136904,0.22566194549638288,0.40128667816035324,0.21765089607919344
1660,0.42780732924230164,0.21844523334899402,0.39000477428685076,0.2154085310515699
1664,0.40844058469606564,0.20943443449422383,0.37528846548207645,0.21306977002451719
1668,0.38730491175060094,0.19916433440722014,0.35787503030216805,0.21008228151692412
1672,0.3639445560549319,0.1873723784004485,0.3369240322748908,0.20523008434691115
1676,0.3391215223173853,0.17443120897133169,0.3135813238488603,0.19870414563227168
1680,0.31349064429350454,0.1607545251541176,0.28850619033983277,0.19033518739277058
1684,0.28767712801942125,0.14677636468915825,0.26240528183623946,0.17991388687510154
1688,0.2621353060329109,0.1328285160486612,0.2360578140510594,0.16842990599322902
1692,0.23696794220439865,0.11905900364526532,0.21052071730505784,0.15725406364294864
1696,0.2127348558201856,0.10584335167621406,0.18622946389696993,0.14648490506697243
1700,0.18982036503059052,0.09349336346105303,0.16375071516396394,0.13624456788210063
1704,0.16835722479068266,0.08217053175986935,0.14312329827663123,0.12654126971173488
1708,0.1484996807513604,0.07200111529765199,0.12441342608887412,0.11741205676527644
1712,0.13042569296559164,0.06305282976875547,0.1080729097019978,0.1091444271641719
1716,0.11418811480643762,0.05536266509796628,0.09403725546384993,0.10186197534407469
1720,0.0998984727497307,0.04896231308805822,0.0823098376012743,0.09573533286788788
1724,0.08771989688179803,0.043869002494633984,0.07307213598452837,0.09089240555151322
1728,0.07769872731952189,0.04003916690224388,0.06609596577865946,0.0874169276663658
1732,0.06996206961252917,0.03739390250592952,0.06164860230662695,0.08543309898733305
1736,0.06428542918313855,0.03575483680606215,0.05927525519962501,0.08483849068614753
1740,0.06044378448158507,0.0349784199763881,0.05830514957719067,0.08541199224166109
1744,0.0571738720686782,0.03437593286360056,0.057242563432714395,0.08647662447779995
1748,0.05512180724480426,0.03423112538227276,0.057070181684569184,0.08837393075647042
1752,0.05416058516201231,0.034455117896393425,0.05764580736797419,0.091006652788546
1756,0.0541093946008946,0.03494681483322855,0.05883358018462304,0.09421260338763705
1760,0.054672443656107315,0.03559440570618639,0.06020877959406999,0.09771720650383862
1764,0.055799511820732145,0.03632636547493648,0.061834833434808896,0.10146023748383642
1768,0.0572573566900139,0.03708173395511725,0.06374294570080274,0.10530394727682972
1772,0.05880335964219089,0.037799458099056396,0.06572930088750718,0.10905059596371061
1776,0.0602161275620334,0.03841530626705528,0.0673503996450975,0.11249744747123813
1780,0.061377791480815964,0.03895287322507315,0.06866607656638934,0.11556443403945572
1784,0.06240720123467352,0.039447252082272614,0.07014485727798496,0.11836140502099464
1788,0.06328841406183264,0.03992747001912623,0.07172158463537828,0.12091516224401302
1792,0.06387240073956403,0.04039067452359392,0.07307038585782086,0.12304357441313624
1796,0.06413985016153376,0.040827056783717126,0.074192274479095,0.12468070681927441
1800,0.06406535619281292,0.04121254693588031,0.07509020744508481,0.12588945015450967
1804,0.06360599578773654,0.041492005332806156,0.07561816870862575,0.12654310851188888
1808,0.06269819892218687,0.04162895077871515,0.07568925985441562,0.12670153724376865
1812,0.061491666127587316,0.04168681008599805,0.07541248729025785,0.1264440185914682
1816,0.06014870834204549,0.041688294711559576,0.07511511006995149,0.12585902540902894
1820,0.05879207018943712,0.04167489576671848,0.07485715768156863,0.12501996585235667
1824,0.0574257901628663,0.0416286164694718,0.07449509794272162,0.12394582600581593
1828,0.05607524370709534,0.04154745677942702,0.07400310808235332,0.12266991923966504
1832,0.05477422851568096,0.0414683201521314,0.07336759863733752,0.12131971229168065
1836,0.053529754998309566,0.0413681842020892,0.0726466441488834,0.11988753922714213
1840,0.05232349237667574,0.041256073804704856,0.07197961135785351,0.1184508281172443
1844,0.0511718711107903,0.041144389419680114,0.07135489873791956,0.11702479954152939
1848,0.0500687330831447,0.04101291355258006,0.0706432933436695,0.11554816906979463
1852,0.04895939388662415,0.040874518067102183,0.06982236266406616,0.11396018744824346
1856,0.04794133730767134,0.040715094650059125,0.06901915392373982,0.11233693528166587
1860,0.0470577227475747,0.040548627130120043,0.06834878191557289,0.11072372290371292
1864,0.04618320291179298,0.04034759448453499,0.06758630795413974,0.10902112845496138
1868,0.045356829218247484,0.04010358988805234,0.06679365879142328,0.10731493745455463
1872,0.044547580799416155,0.0398270034966561,0.06587466884104523,0.10560345555328647
1876,0.04378807667468919,0.039508943789311406,0.06493891256836959,0.10387033071765273
1880,0.0431340226669765,0.039164956738294156,0.06413772959113138,0.10225024929957947
1884,0.042569413913541486,0.03882826003268485,0.06344986637724541,0.10076995854208834
1888,0.042069536981867835,0.03848258528971461,0.06276873592527003,0.09936986183652859
1892,0.041618232583132755,0.038144905175282316,0.06197941613546091,0.0980336955035712
1896,0.041222953821106446,0.037837077985252765,0.061202204138425274,0.0968090502740487
1900,0.04087372510663243,0.03754445765136297,0.06042904680062584,0.09579176052367727
1904,0.04058309897116162,0.03726115228117325,0.05971682517466812,0.09502289941760628
1908,0.04029064844880063,0.036938059718239144,0.058991224336175284,0.09437170638410418
1912,0.04007232952232515,0.03661447280413047,0.05845287647780985,0.09391513025272043
1916,0.039935820597634945,0.036324020920056085,0.05802218215543017,0.09362088675165592
1920,0.039774663103096825,0.03605211984929678,0.057521347095774375,0.09335581534900908
1924,0.03965345552270739,0.035841576258775855,0.05710086736180833,0.09315559194684957
1928,0.039618321038765336,0.03570919303718717,0.05676791941670474,0.09298979807629566
1932,0.03968060016422444,0.03566778406864494,0.05658170948790481,0.09283987393753841
1936,0.039781272027052235,0.03572991166224913,0.0564471900905896,0.09270530896554596
1940,0.03993050561557963,0.03590571312074572,0.05627460846001105,0.0925483472067254
1944,0.040131231995935324,0.03619360910969092,0.056045195124635704,0.09221065811694144
1948,0.04042470824926807,0.036606826685684976,0.055856310707104055,0.09172578872506816
1952,0.04083761646231032,0.037150142650643606,0.05576862761702013,0.09114245067775517
1956,0.04134374672154361,0.03773853781735106,0.055808174989401105,0.09051283026046489
1960,0.041892035574175854,0.03831910682729576,0.05582414957223797,0.08980769781725344
1964,0.04248354982373268,0.038917505833217465,0.05591251935637086,0.08903367280101873
1968,0.04307319896922375,0.0395012587790568,0.05605788769530183,0.08816101459587185
1972,0.04363629783493331,0.0399690121061111,0.056228686031740305,0.08731315382119595
1976,0.044163861915849784,0.040296228622595326,0.056425058453457085,0.0865536151011212
1980,0.04460148025183291,0.04047052275320289,0.0565305701376775,0.08581398296859558
1984,0.04500233638747106,0.04054101073248899,0.05669806958467621,0.08515879060929997
1988,0.04537019477570557,0.04055996576548313,0.056881530681423,0.08461666213404552
1992,0.04567813907571975,0.04054221071948598,0.05709565632086726,0.08424138591193259
1996,0.04595433195005167,0.040437842617432794,0.05726191225908997,0.08406163765590348
2000,0.04630087575493318,0.04036232216221863,0.05736168526894229,0.08404784291517442
2004,0.04673343318462311,0.04036833219486753,0.057500133878286896,0.08416470450158439
2008,0.04730473677936373,0.04056273492207158,0.05769791836789191,0.08438220270996279
2012,0.048003822229515776,0.040967582508850124,0.05780646509473686,0.08465282867202781
2016,0.04894143162834913,0.04165645870658807,0.058006459778194484,0.08497411767078772
2020,0.05016793709238667,0.042651080817814,0.05835125106307032,0.08540718112245915
2024,0.05164399405885015,0.04388934513800647,0.05885797083166729,0.08591920951833222
2028,0.05331521410629036,0.04530497540681898,0.05947629398482002,0.0865479405673855
2032,0.0551910183182085,0.046916746156965686,0.060216057152936,0.08728834428877386
2036,0.0572357899554097,0.048658389606161145,0.06108336643290149,0.08805837130280839
2040,0.05940686121864683,0.05047297074444639,0.06214553224896721,0.0888287504082084
2044,0.06165296608215293,0.052298761040573495,0.06335506758204308,0.08967770830358097
2048,0.06389443874306353,0.054026130861056856,0.06461259561668797,0.09055193981500603
2052,0.06615269385882054,0.055659141317278504,0.06602058912574567,0.09143880583299331
2056,0.06840760231788436,0.05721591030829666,0.06760255479455157,0.0923802447467025
2060,0.07054529762134398,0.05863434707885399,0.06922246398483343,0.09331324033994219
2064,0.07247460117872707,0.059808582137234306,0.07074302551224129,0.0942310288579385
2068,0.07413590610564003,0.06063519024234707,0.07200046417716197,0.09508636813113447
2072,0.07556765072092324,0.061242591458038044,0.07310710948972794,0.09583765470751181
2076,0.07679976430963287,0.06166216247386719,0.07414828069011402,0.09642872209706821
2080,0.07786970789272374,0.06197457872765148,0.07505660279255816,0.09691668823916352
2084,0.07867331316394766,0.06207834422309122,0.07577125346197318,0.09729682023358087
2088,0.07924755306167748,0.06192166659872441,0.07634271299031324,0.09754688628608015
2092,0.07950189902299415,0.061443570259224346,0.07663974913798782,0.09760992251176458
2096,0.07937938512764324,0.060689816122472956,0.0766781623289844,0.09744458988851577
2100,0.07892280790914606,0.059699332942085154,0.07645467553002631,0.09703919066243609
2104,0.07822959076158717,0.058557435563411364,0.0759848615671819,0.09646192005968252
2108,0.07724677599089802,0.057220671504610056,0.07523585998235686,0.09573113378213073
2112,0.07602455655081485,0.055751967229630744,0.07431266231196629,0.09485352800752168
2116,0.07454804503062351,0.054163304442058885,0.07315232831683263,0.09380661636308962
2120,0.07290033274874519,0.052503133810841804,0.07185810265613729,0.09266922153641272
2124,0.07123508638539672,0.05094640564678348,0.07059774040479502,0.09154653790038655
2128,0.06954346646942684,0.049528576934822564,0.06932828377895933,0.09041278615887303
2132,0.06786459780736717,0.048273512781763527,0.0679875666491805,0.08923657040978332
2136,0.06626504048086425,0.04724245620065725,0.06656143280107395,0.088066797110903
2140,0.06485278225342897,0.04650712870770328,0.06514018756628621,0.08700506449340359
2144,0.06371523705490245,0.04616929401212584,0.06384628418811374,0.08606842736588352
2148,0.06296035765850679,0.046276273772113595,0.0628070015862594,0.08528522248591253
2152,0.06254101648725854,0.04676369408199905,0.0619532923924312,0.08470151740038302
2156,0.06236653113626223,0.047489251602175896,0.06128712216114278,0.08424649638081805
2160,0.062422830092557356,0.04840108494664003,0.060771806789963745,0.08388004298873027
2164,0.06265769347033924,0.049494644474241255,0.06037363040781971,0.08362787836186986
2168,0.06311126935188885,0.05080128805433358,0.06028272516356682,0.0834689852824469
2172,0.06380365405013813,0.05224995283518951,0.06041627534169153,0.08342406841273384
2176,0.06454257317559878,0.053677919915877344,0.060607235149120926,0.08349401777620796
2180,0.06517420357291431,0.054892238537070294,0.060820930848666785,0.08362449088211472
2184,0.06567237890673769,0.05587204821868359,0.0610494800804881,0.08375447209877938
2188,0.06598089388067335,0.056657842078025294,0.061260996713719276,0.08385787423393899
2192,0.0661497102265045,0.05726237576684423,0.06144384570518048,0.08398124987171217
2196,0.06617541978294521,0.0576566545506468,0.06152906202840245,0.08409002568148867
2200,0.06601737673057657,0.057838360352855264,0.06147677724321263,0.08414923180857667
2204,0.06571214181253483,0.05784989902796642,0.06128894982780533,0.08417052232461919
2208,0.06528266794942307,0.05774303324112379,0.06102072320564482,0.08416551752815328
2212,0.06473363672005387,0.057514128470054444,0.06068655000136377,0.08414771168274195
2216,0.06415844252659474,0.05728800999083648,0.060314783152900175,0.08414214305513461
2220,0.06357523726117056,0.05711268809633532,0.059915500134301504,0.08414110093460973
2224,0.06302445464166592,0.05702266680626716,0.05941813158444469,0.08414369856868341
2228,0.06257317525951675,0.05706953592167893,0.05894896421707191,0.08418319793887141
2232,0.06225004367951294,0.05728631280149511,0.05851843435817061,0.08429516573725288
2236,0.06208541545464943,0.05768850870139678,0.05817409629118964,0.08451870157789998
2240,0.06211454620534201,0.05827950110992698,0.058042821568170144,0.08483632951139657
2244,0.06226082266529928,0.05894571159383577,0.0580138812547235,0.08521222182294588
2248,0.06240624368378896,0.059609557200556995,0.05802805157769441,0.0856406423857998
2252,0.06262938736392638,0.06033385542148846,0.05814484760731054,0.08614250671526885
2256,0.06292897438743723,0.06118620883160349,0.058295503096400206,0.08675215495656514
2260,0.06332451770805989,0.06219496787728209,0.05852546815166693,0.08748076830329053
2264,0.06383771389203093,0.063302499131615,0.05879568975167184,0.08829727596139246
2268,0.06439224677101539,0.06448729635890336,0.05899964639640959,0.0891806470475874
2272,0.06492157843735659,0.06568929494308268,0.05917277418178717,0.09010681451075685
2276,0.06539141066456383,0.06684117381764745,0.05932740636028728,0.0910806552767548
2280,0.065781152086914,0.0679139895540502,0.05942261489585943,0.09203626693638411
2284,0.06606527894870026,0.06888774119312262,0.05938835160751665,0.09296734995476184
2288,0.06628966913921591,0.06978896660697173,0.059242933635345496,0.09390911811241458
2292,0.06639418415218368,0.07057939814230671,0.05895805234841865,0.09481041381946152
2296,0.06637591721936452,0.07122523845326358,0.0585132709860946,0.09565198846422765
2300,0.06620118801117113,0.07167490837896942,0.057975212762354005,0.0964197948195102
2304,0.0658201093020901,0.07189505533733842,0.057297099497655324,0.09705606453261997
2308,0.06523013657986027,0.07186150284635189,0.05655045697272655,0.09753877536570248
2312,0.06442441024128909,0.07156099270915581,0.05578412585413074,0.09784571800957352
2316,0.06339142932933779,0.07096251161062092,0.054992531644085185,0.0979552728262906
2320,0.062234905957929465,0.07017027244960752,0.05419599479683192,0.09792652969217605
2324,0.06091331782088898,0.06913433104506024,0.05342822997297443,0.09776693203331832
2328,0.05945497223464557,0.06788945014398624,0.052682759806579924,0.09749126791529257
2332,0.05788381849202397,0.06645152683674974,0.05200469924691532,0.09705457327425678
2336,0.05622509160624502,0.06484590759744781,0.05137619810226098,0.09645994455322773
2340,0.05447297844238913,0.06308658597652955,0.050793133687323994,0.09575100852913326
2344,0.0527183839982339,0.06124187597996351,0.050315520887103,0.09497284092234073
2348,0.051014622581263894,0.059381109909752976,0.04995417045723383,0.09419557604456044
2352,0.04940172426119038,0.05755730082577576,0.04969516607515512,0.09342117631183504
2356,0.04790678195048162,0.05581777790323423,0.04954001756184172,0.09268955471116569
2360,0.04653383903833252,0.054173887435138075,0.04947759351256364,0.09199946652984747
2364,0.04528521255310231,0.05265810860249792,0.04948785084114921,0.09137324480190201
2368,0.044165066010718734,0.05126215799536441,0.04953498472383325,0.09083360597709093
2372,0.04317650273823951,0.049999419896787266,0.049560284904396075,0.09032533348566804
2376,0.042327634397737166,0.04890643352080143,0.049571806100662565,0.08986277009347733
2380,0.04163832103536367,0.04800585084218547,0.04959614172759444,0.0894855438396064
2384,0.041111618557876366,0.04731086454780551,0.0496394463675057,0.08919234997865357
2388,0.040720789830799964,0.046803856757054736,0.04969566905193258,0.08893436742379708
2392,0.04045054388401815,0.04645868365414813,0.04974554882348224,0.08869018833548997
2396,0.04019207918448954,0.046185778732774616,0.04978811003406412,0.08844355620176349
2400,0.039970589122722375,0.045994325484575466,0.04983170410474335,0.08816602013477792
2404,0.039769751956318926,0.04586066797963784,0.0499041036135328,0.0878631550529901
2408,0.0395897170111244,0.045777105301004664,0.049967101433832393,0.08755221985570723
2412,0.03945093307925304,0.04574497955042389,0.05006972347668241,0.08726816311024234
2416,0.039379840554827454,0.045823179283128464,0.05022963082819394,0.08703237853582871
2420,0.03934208938008667,0.04598009228130913,0.05043290757601621,0.0868710217631075
2424,0.03931275459709293,0.046178925730259425,0.050683329780699,0.08675782170297874
2428,0.03928640357115242,0.04640906832458013,0.050973037028145256,0.08668939229142109
2432,0.03926665090891181,0.04666148216369014,0.05134264936171646,0.08667467158860027
2436,0.03924882720933332,0.046924574224001356,0.051773972338351126,0.08673336525251805
2440,0.03925253876597788,0.04720675365581571,0.05226253047708522,0.0868666238473807
2444,0.039280597689652835,0.04749027011715654,0.0527854012268358,0.08703279414780224
2448,0.039310498963179515,0.04776455287965493,0.05338198718852539,0.08724115465914124
2452,0.03933993117043218,0.048026909016487984,0.05403577263995683,0.08744304903333103
2456,0.03937114874276853,0.04827971699028903,0.05476299286442085,0.08761573631735452
2460,0.039383984096616635,0.048506415943324575,0.05555104371731712,0.08773615334817152
2464,0.03938258084704565,0.0487003527400074,0.05637252268696292,0.08777829562003285
2468,0.03936979725418313,0.048862959871861046,0.05720603862752966,0.08773539667150491
2472,0.0393451021638914,0.04896712205827088,0.05810574284770082,0.08761343996266786
2476,0.039328574902427124,0.04903696048420028,0.05906163965341958,0.08744348823562911
2480,0.03930746377879822,0.049082385232093455,0.06001434821226851,0.08722025417506012
2484,0.03928920726219689,0.049106324510616355,0.06103255803858318,0.08697669401285724
2488,0.039281622836443965,0.04914418627602098,0.0621057647891113,0.08674555677798783
2492,0.03927565155676403,0.049187382670256574,0.06319089609361012,0.08656035908222723
2496,0.03927339632661646,0.04922682930428962,0.06430034502576237,0.0864256153387723
2500,0.0392892495536963,0.049290395528196515,0.06541259474676485,0.08634553540257962
2504,0.03933191316918271,0.04938371397526038,0.06656784609082557,0.0863374463106639
2508,0.03939390288250826,0.04951064715813294,0.06774238571021803,0.08640723406050801
2512,0.039490936613115264,0.049685843870826196,0.06893127491078622,0.08657379486965408
2516,0.039623218246870054,0.049890081279501626,0.0701186659737685,0.08682013876603091
2520,0.039781411226723046,0.05011836642533474,0.07129909203897344,0.08710242399963013
2524,0.03998089422525716,0.05038356204678673,0.07247078554323283,0.08739862517470745
2528,0.04022357326927425,0.05067181952134791,0.07361624506166357,0.087720220229406
2532,0.04050426691951714,0.050970862621123825,0.07470839426446692,0.08804176432774806
2536,0.04082125948689389,0.05125910271106124,0.07574218622559799,0.0883178188437346
2540,0.04117186985820436,0.051536029700681205,0.07677351764593289,0.08854139332551747
2544,0.041553428020529644,0.05180217951281622,0.07785290034399173,0.08872365361308655
2548,0.041973900445093276,0.052091398908045254,0.07895066886352792,0.08884138532450621
2552,0.04241847652690366,0.05239664114922772,0.08007968557522274,0.08890301841168695
2556,0.04288677839709767,0.05271380139691454,0.08128428601435919,0.08892002855317112
2560,0.04337416362449063,0.05306177551832837,0.08256107661481872,0.08890047984767573
2564,0.04386668651952559,0.05341690503681366,0.08389153445090194,0.08885311958527059
2568,0.04436508794211873,0.05377878627243644,0.08528619569021298,0.08879305883419594
2572,0.044863489273006395,0.0541687231619074,0.0867220270442252,0.08873478639905591
2576,0.04536317992685519,0.05458459403744962,0.0882331233069385,0.08873326914253764
2580,0.045870433547890055,0.055039484979220954,0.0898132598167263,0.08880666685381944
2584,0.04639792203830964,0.05554879624469741,0.09145890697680906,0.08897487305976397
2588,0.04692578940688463,0.05608992844114498,0.09309741898085862,0.0891980760354682
2592,0.04750330743854191,0.056722054912053045,0.09484007488967526,0.0894968037424096
2596,0.048138872897002,0.0574549177113567,0.09667248560651628,0.08989447728007169
2600,0.048816097077133074,0.058259934032338444,0.09853114841429944,0.09038459033470429
2604,0.04953547498416923,0.05912654387834728,0.10039127315879048,0.09094812127508857
2608,0.05028783450564328,0.0600261048489016,0.10226510707400197,0.0915716955763061
2612,0.05107340743866817,0.06095110625742706,0.10417593137174719,0.09222648704382218
2616,0.051874878880011646,0.061885568416929874,0.10608193407375982,0.092898128307209
2620,0.05268254950797626,0.06281324081254155,0.10795522262064886,0.0935658902075503
2624,0.05348163309182785,0.06369659187662433,0.10978066453559934,0.09421272309018666
2628,0.05425006674662279,0.06452294532143067,0.11156167020122153,0.09481116943735991
2632,0.0549695267651144,0.0652664498863669,0.11328488864879152,0.09534816463704579
2636,0.05561651499637709,0.06590191829748905,0.11492567653157194,0.0958184881551496
2640,0.05618284776463,0.06643502329635202,0.1164901292264729,0.0962020568838349
2644,0.05666949675550006,0.06687053585960716,0.11794333443124032,0.09651036281685436
2648,0.05708627310369436,0.06720183034215726,0.11936154154534503,0.09673681717154739
2652,0.05742711732858294,0.06743762901962502,0.12077575604490982,0.09687611017976279
2656,0.05769118795863424,0.06759636759377083,0.12217932498246149,0.09691145567037752
2660,0.05788367729741511,0.0676963966955185,0.12351563212172045,0.09682588240485962
2664,0.05804352461651032,0.06779672589059434,0.12489993437549107,0.09666101727075223
2668,0.058156007870995514,0.06788935305580063,0.1262877595323516,0.09644302511800003
2672,0.05822818346699086,0.06798059624448184,0.12766344279853015,0.09617526192220394
2676,0.05827712656074673,0.06808716861347629,0.12903902578680454,0.09586048077590684
2680,0.05831106139073457,0.06823017806564688,0.13041200216278892,0.0955117139129202
2684,0.058341500226052306,0.06841877115926077,0.13175925737668456,0.09514372100526525
2688,0.058372420391787486,0.0686672088085694,0.13306592346392215,0.09479527670767818
2692,0.058409869350318985,0.0689717464902064,0.13430671182188472,0.09448646484294264
2696,0.058434000291777324,0.06930425365862154,0.13544730733861,0.09420290232181681
2700,0.05846680060946062,0.06968500032781069,0.13651995228495792,0.09396741370180486
2704,0.058515774310137686,0.07009052792008483,0.13750061204419406,0.09376902207567495
2708,0.05858393502291119,0.07052467899310057,0.13838579408368903,0.09361820964579885
2712,0.05868914703388324,0.07098252797434657,0.13918519082472375,0.09351534073252836
2716,0.05884329767304514,0.07144522255389837,0.1398884351450966,0.09346139177814246
2720,0.059035747877347174,0.07189424161545249,0.14057554451175586,0.09343587278071398
2724,0.05926680499643485,0.0723151174081192,0.14121295225964434,0.0934419234694967
2728,0.05953669298621411,0.0727041161794188,0.14178026420401313,0.093446675993063
2732,0.0598446532897465,0.07305583044362766,0.1422913991388957,0.0934509280699888
2736,0.06018530243796408,0.07336524488777588,0.14278307432735482,0.09345499330095368
2740,0.06057417443317092,0.07364621890106737,0.1432770210410123,0.09346865166909912
2744,0.06099774706174635,0.07389614335138556,0.14376754305352132,0.09345971428537905
2748,0.06144888633011507,0.07412458848457004,0.14428723521939438,0.09340809448895238
2752,0.061914462504413965,0.07433385515090782,0.14477752310972913,0.09331227410454787
2756,0.062412704584885195,0.07454536706983203,0.14530403783727017,0.09313504779930352
2760,0.06294436385397728,0.07476016514052929,0.1458778157440082,0.09288340240363586
2764,0.06349670007647663,0.07498203223442346,0.1464978717838053,0.09255407423203635
2768,0.06404318637837676,0.07525436001803548,0.1471997508617928,0.0921294192963053
2772,0.06457502888371329,0.0756450632975717,0.14807855635553901,0.0916275856834712
2776,0.06504118073698321,0.07618044732179598,0.14911450147673155,0.09104531991574394
2780,0.06539148754749315,0.07686580850491673,0.15023159546841855,0.0904080631974097
2784,0.06558546801817058,0.07766583761879253,0.15130467360039676,0.08973793547380242
2788,0.06557661064701346,0.07852229177562879,0.15218829434099665,0.08903819658241474
2792,0.0653318800232688,0.07937516257545478,0.15273192072399677,0.08835186467787225
2796,0.0648536649040114,0.08012593194928827,0.15273395375198445,0.0876688038274117
2800,0.06410746557828659,0.08068715380946635,0.15204725235439914,0.08695535799367742
2804,0.06311334163220131,0.08096868376541441,0.1506678427325522,0.0862230686634563
2808,0.06176604835499256,0.08094481537084436,0.14829715452200826,0.08552471440532196
2812,0.06010303210281706,0.08064136553418083,0.14495365913776326,0.0848941578323941
2816,0.05817144801656732,0.08010926057995307,0.14074463912290172,0.0843568000638149
2820,0.056039797435290396,0.07941015336577097,0.13580903316725268,0.08393319717071887
2824,0.05377870840710745,0.0786461132990964,0.13033095173829315,0.08364154910369903
2828,0.051489970295527786,0.07794948296834824,0.12459267843910203,0.08346894465604009
2832,0.04925152398285643,0.0774661058748319,0.11890476743896272,0.08344076358456089
2836,0.047121592374953454,0.07739593797449949,0.1136308040937591,0.08354700416445582
2840,0.04515753719286772,0.07797243176529595,0.10911040315835337,0.08376365803866594
2844,0.04341338305710589,0.07938830839880405,0.10554810251353518,0.08407311805855072
2848,0.04193540423962879,0.08170600440192187,0.10307127488588418,0.08446456139268163
2852,0.04077320625777607,0.0848270413519127,0.10168584040926097,0.08491820298300476
2856,0.03996294994868374,0.08856375264322391,0.10127353147883746,0.08544125786733196
2860,0.039483839335109176,0.09276716435481933,0.10182200717958477,0.08598289602581677
2864,0.03921101373687308,0.09708683097095265,0.10295615389942266,0.08644583079346281
2868,0.03908028822465384,0.10121932950752945,0.10432300433152278,0.08672488795875109
2872,0.03903327884218472,0.1049287831501944,0.10562806626196598,0.0867820592833771
2876,0.03904931500346356,0.107991318869039,0.10659909535278231,0.08669492524809107
2880,0.03902876497976672,0.11025722239589097,0.1068190390733658,0.08654314644125513
2884,0.03901220871655314,0.11159025784020492,0.10627717186134893,0.08636156708928175
2888,0.03897061588093707,0.11184504918422533,0.10478558342285486,0.08614455608896705
2892,0.03887142992299678,0.11095639962814557,0.10226921966325625,0.08589356744583282
2896,0.03867231838913939,0.10895698850076943,0.09879049823656032,0.0856319756939396
2900,0.03837835660094139,0.1059485172096637,0.09447326354626585,0.08536666009122426
2904,0.03805854338897341,0.10215829729263996,0.08959984150805791,0.08511142712328952
2908,0.0378150537720893,0.09788265715238725,0.08444502075635882,0.08488601269020485
2912,0.03751722756433634,0.09332241547392621,0.07909635971252442,0.08464650542736693
2916,0.03768752132832051,0.0889191435897637,0.07425209130427583,0.08453261850466819
2920,0.038500175065159244,0.08491471598569714,0.07032202023665063,0.08458645025138144
2924,0.04011923859918256,0.08154146903514378,0.06768079444028104,0.08485689066792636
2928,0.042662408537521374,0.07903264844305158,0.0666296464462627,0.08538697888272324
2932,0.0461776239132518,0.0775820988782956,0.06735025244112229,0.08617145438435603
2936,0.05069381470850823,0.07715894406142693,0.06972809432977159,0.08724056373523281
2940,0.05632074957466491,0.0777701990494058,0.0737614466021608,0.08868321308237663
2944,0.06311211224639586,0.07928443302061358,0.07933894295242454,0.09049280635333269
2948,0.07105526966112154,0.08149942647121425,0.08618623352852206,0.09255909808478721
2952,0.08002031376962464,0.08422558377521042,0.0940374591288126,0.09476990492123977
2956,0.0898045069115907,0.08724928295904644,0.10258522365975375,0.09709024181946957
2960,0.10021612371846417,0.09036228758285475,0.11153443733321648,0.09959428472097674
2964,0.11105490895973806,0.09344519419630572,0.12068488501735965,0.10238005541898722
2968,0.12192739613347464,0.09634751019934928,0.1297303822808342,0.10541443619228946
2972,0.13294833976566503,0.099031123775955,0.13878111297156281,0.10922851754591449
2976,0.14386160666661824,0.10141358835177895,0.1476008108871926,0.11382585231577799
2980,0.15442301025985075,0.10342248002455962,0.1559923988282058,0.11910828365062323
2984,0.16441959923566796,0.10502127699334106,0.16385212190929688,0.12492652913185343
2988,0.17410730333388286,0.10643172051969438,0.17152997596441003,0.13123806749717348
2992,0.18318570941711804,0.10766761985740089,0.1788134571499002,0.13787022902219787
2996,0.19163478487233274,0.10887269573580449,0.1857416695231472,0.14477690824552084
3000,0.19949225206876092,0.11016776478664274,0.19234550698834338,0.15192916496160017
3004,0.2068322123361319,0.11159545614029236,0.19862589284155535,0.15927155152786027
3008,0.21376656317292755,0.11317078900680619,0.20461596285372938,0.16664515669992774
3012,0.2204279532462676,0.11486982016409367,0.21029751936047164,0.17383615540815062
3016,0.22696767387338188,0.116696253397692,0.21567359840028813,0.18059148550290835
3020,0.2331726625030169,0.11851515002890747,0.22057171068301842,0.1866648805890867
3024,0.2397096058156277,0.12071791557012042,0.2254586428504622,0.19206485174320412
3028,0.2466953788884163,0.1233775398758691,0.23045330137373346,0.19681060218595517
3032,0.25426808687395497,0.12658795624871827,0.23565071000154142,0.20097400673849408
3036,0.2625087537383647,0.13042030804669918,0.24110852094345317,0.20450672437356363
3040,0.271467038781217,0.1349007206857226,0.246918551685321,0.20742012134234408
3044,0.2814318646246415,0.14005729639735054,0.25333160889985756,0.21009641892523118
3048,0.2921090586428934,0.14576275558406088,0.2601054363608471,0.21235020387693168
3052,0.30342564052674004,0.15193021445859548,0.26721244349780804,0.21423185214592594
3056,0.31529704419523313,0.15848511950854585,0.2746107531666824,0.2157802543775389
3060,0.32762298051289096,0.16535642999693131,0.2822637965800489,0.21710644850350666
3064,0.3403277405230235,0.17248228307201147,0.2901253085910786,0.21835673640053394
3068,0.35334408644377013,0.17984051396437406,0.2981167558553389,0.2195783862810274
3072,0.3666218858420209,0.187380806240163,0.3062408988104873,0.22082341567950287
3076,0.37963512833592705,0.1947770459502074,0.31419067837305803,0.22198649573617432
3080,0.39310035398974874,0.20241239728674862,0.3223946728289624,0.2231946263758817
3084,0.40694103055082886,0.2102334324791152,0.33077492817178855,0.22454952838635792
3088,0.4210927991627618,0.21818660938383022,0.33931823492568086,0.22615765554785322
3092,0.43549311152918807,0.22622166952802897,0.34800337133821097,0.22806292183052723
3096,0.4506689248400084,0.23460776649583026,0.3571701083939712,0.23029728345112577
3100,0.4662448234596386,0.24314960045085146,0.3665634695409339,0.23270568250868198
3104,0.48218374157722754,0.25184075130405975,0.3761041139301297,0.2351930396641412
3108,0.49844518490161827,0.2606693858444436,0.38579795224428,0.2377234140100812
3112,0.515002570737203,0.26963279775435745,0.3956769780171414,0.24033216062303914
3116,0.5318070428384223,0.2786899200979573,0.40574344900514736,0.2431523394570187
3120,0.5488018140408268,0.2878139793095669,0.4159848603652358,0.2463574922334386
3124,0.5659341715953576,0.2969866202552043,0.42634653289643226,0.24999819165050652
3128,0.5826210878326857,0.3058939720562426,0.43646752548173384,0.2539099665846806
3132,0.5996724446001449,0.3150484627914573,0.4469120048614463,0.258365903074621
3136,0.6170017039309629,0.324440465630722,0.45760229178252965,0.2632448958696833
3140,0.6345139125649362,0.33402063520423236,0.46842631685621106,0.2684008637908951
3144,0.6521112588817973,0.34374181661339226,0.47936386204848636,0.2737525067802543
3148,0.6696915252995201,0.35356514804493966,0.49034728295778696,0.27921649076912686
3152,0.6879459120193532,0.36388477329872704,0.5017336727605474,0.2849204896679971
3156,0.7063260211924619,0.37443422762337686,0.5131713272019683,0.2907843313822887
3160,0.7247572744022657,0.38517541961504553,0.5246290587234583,0.2967117353327526
3164,0.7431473997993954,0.3960566828411074,0.5360552768016109,0.3026331197812799
3168,0.761402806851686,0.40702464412232287,0.5474680190838964,0.30847640055520853
3172,0.7794184734991817,0.41805654648187274,0.5587955990578082,0.3141475160266533
3176,0.797095035179252,0.42911620116264454,0.5700560102603165,0.31961086913077447
3180,0.8143148554505938,0.44018533189149944,0.5812266456122082,0.3248543677030979
3184,0.8307295803721692,0.45088138042974396,0.5919508201135067,0.3297512739970538
3188,0.846618884504996,0.46164765297170307,0.6027548122431142,0.33442600295737174
3192,0.8618063281119308,0.4724280330645988,0.613553008140619,0.3388544869268409
3196,0.8761158136330197,0.4831688150134297,0.6243211782626559,0.3430096559723254
3200,0.8893746381997025,0.49383113047691,0.6350983463832928,0.3468728544671287
3204,0.9023260481303131,0.5049196018113602,0.6464369369047791,0.35068421522315507
3208,0.9143374227310103,0.5160873575400168,0.6579505801025743,0.35423966238075094
3212,0.9253326897165909,0.5273165321533311,0.6696429471716769,0.35756391878853944
3216,0.9352227701222248,0.5386399802683945,0.6814740133419289,0.3606396491105237
3220,0.9439651730868287,0.5500808714253371,0.6934453993254374,0.3634579970923335
3224,0.9515304531822024,0.5616294801602626,0.7055067460808294,0.36602157411122577
3228,0.9579153887037203,0.5732832544145596,0.7176558097874686,0.36834570376648573
3232,0.9631432061419308,0.5850103779297513,0.7298469760678419,0.3703920892114825
3236,0.9672832844937485,0.5964960454164555,0.7418121269912537,0.3722416453129095
3240,0.9703548314458735,0.6080814981740359,0.7538430510632582,0.3738481434846123
3244,0.9724550330781684,0.619669272798889,0.765764652560729,0.3752089148178879
3248,0.9736910314883039,0.6311197028350826,0.7774064017087384,0.3763087947863725
3252,0.9741708826575683,0.6422583828461476,0.7885828307149769,0.3771190603094603
3256,0.9740349777776379,0.6529007424845851,0.7991631755755261,0.3776612235079217
3260,0.9738041833800113,0.6634435949944044,0.8095421818729979,0.37812643720725975
3264,0.9733368715632247,0.6734908141759622,0.8192761555307679,0.37842986570766635
3268,0.9727604169422088,0.6830009117429648,0.8283468028892061,0.3786108822694456
3272,0.9721793838967923,0.6919500901349577,0.8367595833698935,0.3786803488350893
3276,0.9716928357991991,0.7003034143914175,0.8444584146155586,0.3786833596733391
3280,0.9713851329572357,0.7080582915362452,0.8515077114389119,0.3786934173944322
3284,0.9713174128398344,0.715262903861519,0.8579984032710726,0.37873528754055696
3288,0.9715425852987086,0.7219899039310548,0.8640404213081042,0.3788318838055375
3292,0.972039070568511,0.7282091769105455,0.8696666273749427,0.3790036723883418
3296,0.9729402949410869,0.7341192467971827,0.8752782389093767,0.3792637551609215
3300,0.9742249832481965,0.7397353419149906,0.880994921675933,0.37960429693761816
3304,0.9758773077975791,0.7450582767551499,0.8868875380196036,0.38003322255200717
3308,0.9778522463936972,0.7500724402026976,0.8929565604378428,0.3805730808322681
3312,0.980050831099381,0.7551512513977771,0.8996053661719663,0.3811584626494413
3316,0.9824553478189184,0.7599544424047492,0.9066212706635817,0.3817820159185283
3320,0.984980967615283,0.7643524257901507,0.9139011249450923,0.38236021197303477
3324,0.9875521130410694,0.7682361447690006,0.9214869097651283,0.38283550709612674
3328,0.9900830973646193,0.7714720044532237,0.9292806816835402,0.38322087429690016
3332,0.9924838987044644,0.7739279931535179,0.9370888419550447,0.3834957197312139
3336,0.9946540929078354,0.7755204813767334,0.9447396859672617,0.38361186606367736
3340,0.9965393267549609,0.7761788661316782,0.9521173800091339,0.38358000286265137
3344,0.998072120602876,0.7758215201567593,0.9591838539869223,0.3833761197216436
3348,0.9993338008739474,0.7745948228584963,0.965806286955192,0.38309933476166735
3352,1.0,0.7721877003726311,0.9718396235596428,0.38266073054967414
3356,0.9999962751648523,0.768652113510436,0.9771977531954623,0.3820178442138036
3360,0.9992706670915755,0.7640871377459756,0.9818433385275194,0.3812075395409107
3364,0.9977796977901439,0.758640412903313,0.9858241962559993,0.38026629590297023
3368,0.995610612220387,0.752568825460504,0.9894544886070951,0.37921006834138965
3372,0.9926528708683252,0.7458965644242714,0.9925307214353085,0.37806122660915886
3376,0.9888994129138022,0.738756287067858,0.9950379014839671,0.37679790560725474
3380,0.9843525263911672,0.7312893073597696,0.9970087849893808,0.37544919826966416
3384,0.9790395535687098,0.723591914008031,0.998521435454437,0.3740169414830596
3388,0.9729398980745995,0.7156787689828084,0.9995357955045927,0.37241244001250334
3392,0.9660564137993809,0.7075990733670674,1.0,0.3706285117381188
3396,0.9584224647609556,0.699380626835249,0.999972454817435,0.3686749482421876
3400,0.9504669809479012,0.6913349683027417,0.9995492828127615,0.3666849624145929
3404,0.9416491533888997,0.6829464000642195,0.9983078847866378,0.364436866881074
3408,0.9320616545960546,0.6742275137819549,0.9962384399276244,0.36193884283497973
3412,0.9218222982000137,0.6651560506717654,0.9933325214206998,0.35918702025243937
3416,0.9110104478784,0.6557484438781525,0.9896144058445772,0.35618114290149705
3420,0.8997037704362091,0.6460475535521789,0.9849943205668437,0.35297402854592214
3424,0.8877353789707279,0.6357385671795868,0.9794392759117233,0.3495184820300157
3428,0.8753345846901065,0.6250948667242519,0.9730188554451511,0.3459314977810609
3432,0.8626027046804661,0.6141863725574983,0.9658663356966585,0.3422911604661957
3436,0.8496458410483819,0.6031034041614561,0.9581287061156412,0.3386380067662525
3440,0.8365078176335559,0.5918734669248212,0.9497214381225991,0.3349631086849629
3444,0.8232286234565807,0.5805766995373894,0.940552634894196,0.3312661793439228
3448,0.8099198059301866,0.5693053221748172,0.9307657541590527,0.32755515163208304
3452,0.7966545695296005,0.5581327112108599,0.9204774612342852,0.323934450495177
3456,0.7838781109038908,0.5474026561670435,0.9101895578718338,0.32057109046996835
3460,0.7709477363479282,0.5366993962790093,0.8991318785606677,0.31720488182384654
3464,0.757947012902313,0.526091759878869,0.8874315716014931,0.31388241150048113
3468,0.7449517736198907,0.5156382514964999,0.8751967572095173,0.31057738465326057
3472,0.732046224746736,0.5054255419889334,0.8625380627966158,0.30728727690790014
3476,0.718645450232861,0.4949581934629822,0.8491819758121609,0.3038307204128666
3480,0.7051136350600834,0.48452096586446247,0.835302817236829,0.30025231647716605
3484,0.6914274333198528,0.47412014191319285,0.8209174284389414,0.2964839769258935
3488,0.6777289741442779,0.46381810087376324,0.8064618985111489,0.29268598548959956
3492,0.6640409992658384,0.4536265156265469,0.7918844737356814,0.2888312049174906
3496,0.6503966203358826,0.44354219015518237,0.777230425016144,0.28492050910276884
3500,0.6367735383750462,0.43356669806785386,0.7624461283885494,0.28092785432561657
3504,0.6231494685095755,0.42368571897731455,0.7475009205950697,0.2767661562769627
3508,0.6099830667939136,0.4141947980284501,0.7330603540940421,0.2726268842885887
3512,0.5966290508618106,0.40463419714552157,0.7182867692323367,0.26826909988872477
3516,0.5831926453547362,0.39505078169611135,0.7033632561995498,0.2637793385808529
3520,0.5698013521698874,0.38549631637755843,0.6884896815818783,0.25923867026546354
3524,0.556470894138205,0.375992099490853,0.673668946512251,0.254687771105471
3528,0.5432459483410536,0.3665743853504788,0.6588361566037091,0.2501155620765367
3532,0.5295408288323149,0.35680072976587196,0.6432882179490568,0.24529794257562773
3536,0.5157905349743274,0.34695639722432203,0.6276700216713003,0.24041378138657407
3540,0.5021393401099814,0.3371317527494265,0.6123221047726736,0.23559343551529355
3544,0.48856951044015173,0.32735569773685813,0.5970278381463793,0.2307910824275823
3548,0.47510078168054193,0.3176268021743282,0.581771642181819,0.22600103692545043
3552,0.46181284545203605,0.3079828732594184,0.5667399141414495,0.22129044660056238
3556,0.44873323492424655,0.2984775692276481,0.551967165447773,0.21666966881174818
3560,0.435987684645616,0.2891524167595895,0.5376377629920266,0.21221649000278617
3564,0.42369861296547945,0.2802187385983747,0.5234603882147569,0.20777623911982945
3568,0.41153592345803386,0.27134035273053037,0.5093112961037191,0.203359217484534
3572,0.39956198061002285,0.2625681533889326,0.49529455605899153,0.19902326693527697
3576,0.3878450238463227,0.2539608109761134,0.481500672543318,0.19474590091274224
3580,0.37652707132113417,0.24556558229637906,0.4682678298945116,0.19064535830010784
3584,0.36487537506414364,0.23692965433497196,0.4543974947533646,0.18637845141366613
3588,0.35319980165723824,0.22829775955766918,0.44010145607076845,0.1820089476418404
3592,0.3415244401824938,0.2196869948628488,0.4254392042304665,0.17754341146235136
3596,0.32992214297696676,0.21111517140926517,0.4107232688430577,0.17303349225448184
3600,0.3184716400972304,0.20260765665425756,0.3961837140669359,0.16857141446408602
3604,0.3071591769715996,0.19417419851513434,0.3817786892110397,0.1641796029828118
3608,0.2958645861923333,0.18579836336853928,0.3673094612501537,0.15982771445180077
3612,0.2847686664325147,0.17757732784717334,0.3532544520165355,0.1556734438447863
3616,0.27407304386232256,0.16967780355789233,0.339560368835836,0.15168994872787492
3620,0.2631372616926188,0.1617472739381107,0.32559259587198924,0.1477116616629052
3624,0.2519864274449296,0.15384608481960432,0.31151265049739024,0.14379610126694953
3628,0.24056499350859278,0.14598487582971564,0.2971484424437282,0.1398937290909931
3632,0.2290425609674354,0.13826763732964747,0.282964447968471,0.136101547047747
3636,0.21742888450719638,0.1307446872865321,0.26882498285680784,0.132395392434799
3640,0.20540362130860754,0.12310812416044863,0.2545381912179971,0.12875563022037811
3644,0.1933814495393155,0.11566931535575439,0.24074402792844138,0.12541192475980992
3648,0.1813043990045877,0.10845154138449337,0.22713503257795084,0.12221492833919041
3652,0.16921309269336615,0.1014633245515338,0.2135923465375329,0.11910171557025298
3656,0.15716593018624897,0.09475583781178376,0.20003619369155695,0.11602293957773133
3660,0.14532615614401012,0.08836017409766157,0.18680569712946532,0.11302042190175995
3664,0.13409878840855147,0.08240884938423354,0.17482096939190472,0.11037536797449322
3668,0.12359410408008328,0.0769449856149371,0.16410229861760686,0.10809005018515432
3672,0.11390409787138338,0.07203211986098872,0.15444349569262833,0.10610629093934977
3676,0.10483384906500781,0.06756432213297892,0.14524921844935215,0.1042194553489508
3680,0.09649020421517963,0.06355118549583981,0.1365966804261361,0.10245429179208965
3684,0.08914867107138162,0.06006499434478429,0.1290389009665088,0.10096029270126866
3688,0.08274433401166799,0.05706723439222795,0.12226285814479482,0.09962698999815464
3692,0.07669798896429154,0.05420328061218853,0.11569673497048008,0.09829947992937398
3696,0.0712415226276938,0.05164368680179753,0.10932857977082064,0.09694744996095783
3700,0.06636637547342436,0.04937553923902706,0.10317835495743413,0.0956214143099303
3704,0.06220920717915354,0.04743779542444705,0.0977649467616822,0.09443321281604039
3708,0.05858427342308196,0.04576262888211811,0.09258456774322855,0.09325881779025437
3712,0.05533088671648224,0.04427227482955847,0.087329000709869,0.09203129689602915
3716,0.052454342432040814,0.04296250179293363,0.08231592952706906,0.09087156551293527
3720,0.04984708390918344,0.041800102927560284,0.07732642722990556,0.08968102782467685
3724,0.04765673815535969,0.040809516850080815,0.07282651791865562,0.08865130700208082
3728,0.046002285286214264,0.04004946921501212,0.0694016425999178,0.0879826867124314
3732,0.044775453464520894,0.03946585165375241,0.06678384063907332,0.08759216455947923
3736,0.04403717763238105,0.03908626427498591,0.06529922016079964,0.08762540580445362
3740,0.043624080393829,0.03885370731089461,0.06460523338898269,0.08796476556942678
3744,0.04350418352014957,0.03873955421663106,0.06465717928353086,0.08857492525866797
3748,0.04357699884686888,0.03868015878558832,0.06540480608965361,0.08941189922809993
3752,0.04394153693650156,0.038714935068842014,0.0669670328704893,0.09048779456434179
3756,0.04456415003959004,0.03880862656622616,0.06926660718723783,0.09177360488744565
3760,0.045388187514829675,0.038970855829933516,0.07217105240426418,0.09322880904323425
3764,0.04634426966166692,0.03916964655420959,0.07546167701718486,0.09481996306796654
3768,0.04719813386356501,0.03935914729149796,0.07837947704180098,0.09626751534728203
3772,0.04797722430567197,0.039529767976501186,0.08105969883382776,0.09756052167063792
3776,0.04870731684920057,0.039675829435343125,0.08352820447778651,0.09872711226296173
3780,0.04917566504741191,0.03975643526962288,0.08511207651500871,0.09954652660220374
3784,0.049297105170525476,0.03973501772234584,0.08565838809413755,0.09993791832615205
3788,0.04911004802655985,0.0396256700227984,0.0852871403909451,0.09994149457075613
3792,0.0487431181612554,0.03946408657080398,0.08435506010184754,0.09970030461413583
3796,0.04824182275798446,0.039266892090089864,0.08295110887020421,0.09925126504941391
3800,0.047574037601307496,0.03902700884745842,0.08099929251110131,0.09855826939103761
3804,0.046671468538204086,0.038707649318631444,0.07823098860663343,0.09752871524500298
3808,0.045667169945235855,0.03836122045819931,0.07516327153734487,0.09637158529456603
3812,0.04468897769814673,0.03801034930462518,0.0721507099425547,0.09518499406889172
3816,0.043765239705442854,0.037672421637855294,0.06924639246888473,0.09400890312098938
3820,0.042949331924438325,0.037376646119802744,0.06661751865187343,0.09285364098131617
3824,0.04225769829100016,0.03711047227202088,0.06433145992667996,0.09178426974502667
3828,0.041710934080819946,0.03686924297939331,0.0624409558179394,0.0908673864505494
3832,0.041374088213152575,0.036697154144052696,0.0611474836879698,0.09019319931153034
3836,0.04121127245557187,0.03657568179384642,0.060314529564025936,0.08971890543666945
3840,0.04113240845913716,0.03649802080226005,0.05967246051051363,0.08929282029466316
3844,0.041152950310773116,0.03645084283242354,0.05925309168888971,0.08892547789519636
3848,0.041284650804381956,0.03642729127720444,0.05915348745152988,0.08871430986445204
3852,0.04150322480719894,0.03645653350012846,0.059348240777928496,0.08865605241032584
3856,0.04178726713086624,0.036524727480505316,0.059810386314021594,0.08874974333380196
3860,0.04207263751772609,0.03659917442634303,0.06025228677453687,0.0889272759584915
3864,0.04237871530481383,0.03668558461561472,0.0608144086847681,0.08919237905787572
3868,0.04273385887044628,0.03680331114089723,0.06151729365626558,0.08958311101746168
3872,0.04311616151075991,0.036941880701545124,0.06230300216602299,0.09008922992407249
3876,0.043480883569043505,0.037092132489376,0.0631277036036581,0.0906506478169181
3880,0.043887980895817254,0.037263175719121036,0.06418581579923162,0.091369379389033
3884,0.04439484582555207,0.03746184599048413,0.06557737139746544,0.09225712479046948
3888,0.04492529064125827,0.0376577217353176,0.06713208645415356,0.09324154775830402
3892,0.04545676286003808,0.037852553430703983,0.0687194320562288,0.09420615856047267
3896,0.046049696068169804,0.03806885573235849,0.07050592932541631,0.09521747390852495
3900,0.046657778520617706,0.038280715940674,0.07239794859142701,0.096224148629273
3904,0.04725579921187771,0.038478325920043265,0.07430401267429794,0.09717374988135245
3908,0.047839190329978715,0.03865576267079834,0.07619082879136556,0.09800801356082507
3912,0.0483884173708573,0.03881386260619585,0.07800471949721394,0.09867389720637001
3916,0.0489941562752484,0.03897513532397255,0.07992628178688706,0.09929872179583252
3920,0.04960898711045907,0.03912541624225777,0.08183811950159757,0.0998605026787133
3924,0.05023216594113354,0.039285908566085395,0.0836944280217379,0.10034816745453985
3928,0.050794306899159494,0.039426900124321866,0.0852933259677277,0.10068039055912928
3932,0.051271858517813344,0.039544107185964836,0.08656043272589184,0.10083617358101696
3936,0.051696530802213515,0.039648105236080894,0.08764550855256871,0.10087196489162642
3940,0.052102564865071775,0.03974936309196198,0.08865096749765608,0.10086845674223568
3944,0.05242931313995526,0.039825145302779676,0.0894221348498547,0.10075928289023238
3948,0.05267181782321682,0.03988319834403262,0.08994246780160153,0.10055992608478821
3952,0.05288104920626845,0.03993114277401002,0.09032884647135349,0.10035403224620694
3956,0.05302154909818758,0.039963046231840195,0.09047360102428348,0.10009392979973886
3960,0.05309051244418667,0.03997983394033304,0.0904231690959553,0.09978542147955245
3964,0.053096003305618505,0.039994354309317755,0.0901967804977515,0.099442210313237
3968,0.05319507888977972,0.04005138559901116,0.09039080246928584,0.0994598917350352
3972,0.053271513003129205,0.04011055227857242,0.09055657698727489,0.0995337626087037
3976,0.05332530564566689,0.04017185434800154,0.09069410405171839,0.09966382293424243
3980,0.053356456817392775,0.04023529180729849,0.09080338366261638,0.09985007271165139
3984,0.05336496651830687,0.04030086465646329,0.09088441581996883,0.10009251194093059
3988,0.05335083474840916,0.04036857289549595,0.09093720052377573,0.10039114062208002
3992,0.053314061507699656,0.04043841652439645,0.0909617377740371,0.10074595875509966
3996,0.05325464679617835,0.04051039554316478,0.09095802757075293,0.10115696633998954
4000,0.05317259061384524,0.040584509951800976,0.09092606991392325,0.10162416337674963
